title,category,price,stock,rating,stock_status,priority
Essence Mascara Lash Princess,beauty,9.99,99,2.56,In Stock,Normal
Eyeshadow Palette with Mirror,beauty,19.99,34,2.86,In Stock,Normal
Powder Canister,beauty,14.99,89,4.64,In Stock,Normal
Red Lipstick,beauty,12.99,91,4.36,In Stock,Normal
Red Nail Polish,beauty,8.99,79,4.32,In Stock,Normal
Calvin Klein CK One,fragrances,49.99,29,4.37,In Stock,Normal
Chanel Coco Noir Eau De,fragrances,129.99,58,4.26,In Stock,Normal
Dior J'adore,fragrances,89.99,98,3.8,In Stock,Normal
Dolce Shine Eau de,fragrances,69.99,4,3.96,Low Stock,Normal
Gucci Bloom Eau de,fragrances,79.99,91,2.74,In Stock,Normal
Annibale Colombo Bed,furniture,1899.99,88,4.77,In Stock,Normal
Annibale Colombo Sofa,furniture,2499.99,60,3.92,In Stock,Normal
Bedside Table African Cherry,furniture,299.99,64,2.87,In Stock,Normal
Knoll Saarinen Executive Conference Chair,furniture,499.99,26,4.88,In Stock,Normal
Wooden Bathroom Sink With Mirror,furniture,799.99,7,3.59,In Stock,Normal
Apple,groceries,1.99,8,4.19,In Stock,Normal
Beef Steak,groceries,12.99,86,4.47,In Stock,Normal
Cat Food,groceries,8.99,46,3.13,In Stock,Normal
Chicken Meat,groceries,9.99,97,3.19,In Stock,Normal
Cooking Oil,groceries,4.99,10,4.8,In Stock,Normal
Cucumber,groceries,1.49,84,4.07,In Stock,Normal
Dog Food,groceries,10.99,71,4.55,In Stock,Normal
Eggs,groceries,2.99,9,2.53,In Stock,Normal
Fish Steak,groceries,14.99,74,3.78,In Stock,Normal
Green Bell Pepper,groceries,1.29,33,3.25,In Stock,Normal
Green Chili Pepper,groceries,0.99,3,3.66,Low Stock,Normal
Honey Jar,groceries,6.99,34,3.97,In Stock,Normal
Ice Cream,groceries,5.49,27,3.39,In Stock,Normal
Juice,groceries,3.99,50,3.94,In Stock,Normal
Kiwi,groceries,2.49,99,4.93,In Stock,Normal
